
-- Заполняем таблицу specialty (специальности)
INSERT INTO specialty (id_spec, name_specialty) VALUES
(1, 'Информатика и вычислительная техника'),
(2, 'Прикладная математика'),
(3, 'Физика'),
(4, 'Экономика'),
(5, 'Лингвистика');

-- Заполняем таблицу discipline (дисциплины)
INSERT INTO discipline (id_dis, name_discipline, number_of_hours, type_of_control) VALUES
(1, 'Математический анализ', 180, 'Экзамен'),
(2, 'Программирование', 150, 'Экзамен'),
(3, 'Физика', 120, 'Зачет'),
(4, 'Базы данных', 90, 'Курсовой проект'),
(5, 'Иностранный язык', 60, 'Зачет'),
(6, 'Экономическая теория', 100, 'Экзамен'),
(7, 'Теория вероятностей', 110, 'Экзамен'),
(8, 'Веб-разработка', 80, 'Зачет');

-- Заполняем таблицу event (виды мероприятий)
INSERT INTO event (id_event, name_event) VALUES
(1, 'Лекция'),
(2, 'Практическое занятие'),
(3, 'Лабораторная работа'),
(4, 'Экзамен'),
(5, 'Зачет'),
(6, 'Курсовая защита'),
(7, 'Семинар');

-- Заполняем таблицу professor (преподаватели)
INSERT INTO professor (id_prof, name, surname, patronymic, position) VALUES
(1, 'Иван', 'Петров', 'Сергеевич', 'Профессор'),
(2, 'Мария', 'Сидорова', 'Александровна', 'Доцент'),
(3, 'Алексей', 'Иванов', 'Дмитриевич', 'Старший преподаватель'),
(4, 'Елена', 'Кузнецова', 'Владимировна', 'Ассистент'),
(5, 'Дмитрий', 'Смирнов', 'Олегович', 'Профессор'),
(6, 'Ольга', 'Васильева', 'Игоревна', 'Доцент');

-- Заполняем таблицу study_group (учебные группы)
INSERT INTO study_group (id_g, group_name, specialty_id_spec) VALUES
(101, 'ИВТ-101', 1),
(102, 'ИВТ-102', 1),
(201, 'ПМ-201', 2),
(301, 'Ф-301', 3),
(401, 'ЭК-401', 4),
(501, 'ЛГ-501', 5);

-- Заполняем таблицу student (студенты)
INSERT INTO student (id_st, name, surname, patronymic, group_id_g) VALUES
(1, 'Александр', 'Смирнов', 'Алексеевич', 101),
(2, 'Анна', 'Морозова', 'Дмитриевна', 101),
(3, 'Дмитрий', 'Волков', 'Сергеевич', 102),
(4, 'Ольга', 'Лебедева', 'Андреевна', 201),
(5, 'Михаил', 'Козлов', 'Игоревич', 301),
(6, 'Екатерина', 'Новикова', 'Сергеевна', 401),
(7, 'Артем', 'Федоров', 'Александрович', 501),
(8, 'Наталья', 'Павлова', 'Викторовна', 102),
(9, 'Сергей', 'Кузнецов', 'Дмитриевич', 201),
(10, 'Ирина', 'Николаева', 'Олеговна', 301);

-- Заполняем таблицу grade_book (журнал успеваемости)
INSERT INTO grade_book (group_id_g, discipline_id_dis, prof_id_man, event_id_event, number_semester) VALUES
(101, 1, 1, 1, 1), (101, 2, 2, 2, 1), (101, 3, 3, 3, 1),
(102, 1, 1, 1, 1), (102, 4, 2, 2, 2), (102, 5, 4, 5, 1),
(201, 6, 5, 4, 2), (201, 7, 5, 7, 2), (301, 3, 3, 3, 1),
(401, 6, 5, 4, 3), (501, 5, 6, 5, 1), (101, 8, 2, 2, 2);

-- Заполняем таблицу mark (оценки) - 30 записей
INSERT INTO mark (id_m, mark, mark_date, weight, student_id_st, event_id_event, prof_id_man, discipline_id_dis) VALUES
-- Семестр 1
(1, 5, '2023-09-15', 1, 1, 1, 1, 1), (2, 4, '2023-09-16', 1, 2, 1, 1, 1),
(3, 3, '2023-09-20', 1, 3, 1, 1, 1), (4, 5, '2023-10-05', 1, 1, 2, 2, 2),
(5, 4, '2023-10-06', 1, 2, 2, 2, 2), (6, 4, '2023-10-10', 1, 3, 2, 2, 2),
(7, 5, '2023-11-12', 1, 4, 3, 3, 3), (8, 3, '2023-11-15', 1, 5, 3, 3, 3),
(9, 4, '2023-12-10', 1, 6, 4, 5, 6), (10, 2, '2023-12-12', 1, 7, 5, 6, 5),
-- Семестр 2
(11, 5, '2024-02-15', 1, 1, 4, 1, 1), (12, 4, '2024-02-16', 1, 2, 4, 1, 1),
(13, 3, '2024-02-20', 1, 3, 4, 1, 1), (14, 5, '2024-03-05', 1, 8, 2, 2, 4),
(15, 4, '2024-03-06', 1, 9, 2, 2, 4), (16, 4, '2024-03-10', 1, 10, 2, 2, 4),
(17, 5, '2024-04-12', 1, 4, 7, 5, 7), (18, 3, '2024-04-15', 1, 5, 7, 5, 7),
(19, 4, '2024-05-10', 1, 6, 6, 5, 6), (20, 2, '2024-05-12', 1, 7, 6, 6, 5),
-- Семестр 3
(21, 5, '2024-09-15', 1, 1, 1, 1, 8), (22, 4, '2024-09-16', 1, 2, 1, 1, 8),
(23, 3, '2024-09-20', 1, 3, 1, 1, 8), (24, 5, '2024-10-05', 1, 8, 2, 2, 8),
(25, 4, '2024-10-06', 1, 9, 2, 2, 8), (26, 4, '2024-10-10', 1, 10, 2, 2, 8),
(27, 5, '2024-11-12', 1, 4, 3, 3, 3), (28, 3, '2024-11-15', 1, 5, 3, 3, 3),
(29, 4, '2024-12-10', 1, 6, 4, 5, 6), (30, 2, '2024-12-12', 1, 7, 5, 6, 5);